id,identifier,dex,height,weight,base_exp,order,is_default,hp,atk,def,spatk,spdef,speed
1,bulbasaur,1,7,69,64,1,1,45,49,49,65,65,45
2,ivysaur,2,10,130,142,2,1,60,62,63,80,80,60
3,venusaur,3,20,1000,236,3,1,80,82,83,100,100,80
4,charmander,4,6,85,62,5,1,39,52,43,60,50,65
5,charmeleon,5,11,190,142,6,1,58,64,58,80,65,80
6,charizard,6,17,905,240,7,1,78,84,78,109,85,100
7,squirtle,7,5,90,63,10,1,44,48,65,50,64,43
8,wartortle,8,10,225,142,11,1,59,63,80,65,80,58
9,blastoise,9,16,855,239,12,1,79,83,100,85,105,78
10,caterpie,10,3,29,39,14,1,45,30,35,20,20,45
11,metapod,11,7,99,72,15,1,50,20,55,25,25,30
12,butterfree,12,11,320,178,16,1,60,45,50,90,80,70
13,weedle,13,3,32,39,17,1,40,35,30,20,20,50
14,kakuna,14,6,100,72,18,1,45,25,50,25,25,35
15,beedrill,15,10,295,178,19,1,65,90,40,45,80,75
16,pidgey,16,3,18,50,21,1,40,45,40,35,35,56
17,pidgeotto,17,11,300,122,22,1,63,60,55,50,50,71
18,pidgeot,18,15,395,216,23,1,83,80,75,70,70,101
19,rattata,19,3,35,51,25,1,30,56,35,25,35,72
20,raticate,20,7,185,145,26,1,55,81,60,50,70,97
21,spearow,21,3,20,52,27,1,40,60,30,31,31,70
22,fearow,22,12,380,155,28,1,65,90,65,61,61,100
23,ekans,23,20,69,58,29,1,35,60,44,40,54,55
24,arbok,24,35,650,153,30,1,60,85,69,65,79,80
25,pikachu,25,4,60,112,32,1,35,55,40,50,50,90
26,raichu,26,8,300,218,39,1,60,90,55,90,80,110
27,sandshrew,27,6,120,60,40,1,50,75,85,20,30,40
28,sandslash,28,10,295,158,41,1,75,100,110,45,55,65
29,nidoran-f,29,4,70,55,42,1,55,47,52,40,40,41
30,nidorina,30,8,200,128,43,1,70,62,67,55,55,56
31,nidoqueen,31,13,600,227,44,1,90,92,87,75,85,76
32,nidoran-m,32,5,90,55,45,1,46,57,40,40,40,50
33,nidorino,33,9,195,128,46,1,61,72,57,55,55,65
34,nidoking,34,14,620,227,47,1,81,102,77,85,75,85
35,clefairy,35,6,75,113,49,1,70,45,48,60,65,35
36,clefable,36,13,400,217,50,1,95,70,73,95,90,60
37,vulpix,37,6,99,60,51,1,38,41,40,50,65,65
38,ninetales,38,11,199,177,52,1,73,76,75,81,100,100
39,jigglypuff,39,5,55,95,54,1,115,45,20,45,25,20
40,wigglytuff,40,10,120,196,55,1,140,70,45,85,50,45
41,zubat,41,8,75,49,56,1,40,45,35,30,40,55
42,golbat,42,16,550,159,57,1,75,80,70,65,75,90
43,oddish,43,5,54,64,59,1,45,50,55,75,65,30
44,gloom,44,8,86,138,60,1,60,65,70,85,75,40
45,vileplume,45,12,186,221,61,1,75,80,85,110,90,50
46,paras,46,3,54,57,63,1,35,70,55,45,55,25
47,parasect,47,10,295,142,64,1,60,95,80,60,80,30
48,venonat,48,10,300,61,65,1,60,55,50,40,55,45
49,venomoth,49,15,125,158,66,1,70,65,60,90,75,90
50,diglett,50,2,8,53,67,1,10,55,25,35,45,95
51,dugtrio,51,7,333,142,68,1,35,80,50,50,70,120
52,meowth,52,4,42,58,69,1,40,45,35,40,40,90
53,persian,53,10,320,154,70,1,65,70,60,65,65,115
54,psyduck,54,8,196,64,71,1,50,52,48,65,50,55
55,golduck,55,17,766,175,72,1,80,82,78,95,80,85
56,mankey,56,5,280,61,73,1,40,80,35,35,45,70
57,primeape,57,10,320,159,74,1,65,105,60,60,70,95
58,growlithe,58,7,190,70,75,1,55,70,45,70,50,60
59,arcanine,59,19,1550,194,76,1,90,110,80,100,80,95
60,poliwag,60,6,124,60,77,1,40,50,40,40,40,90
61,poliwhirl,61,10,200,135,78,1,65,65,65,50,50,90
62,poliwrath,62,13,540,230,79,1,90,95,95,70,90,70
63,abra,63,9,195,62,81,1,25,20,15,105,55,90
64,kadabra,64,13,565,140,82,1,40,35,30,120,70,105
65,alakazam,65,15,480,225,83,1,55,50,45,135,95,120
66,machop,66,8,195,61,85,1,70,80,50,35,35,35
67,machoke,67,15,705,142,86,1,80,100,70,50,60,45
68,machamp,68,16,1300,227,87,1,90,130,80,65,85,55
69,bellsprout,69,7,40,60,88,1,50,75,35,70,30,40
70,weepinbell,70,10,64,137,89,1,65,90,50,85,45,55
71,victreebel,71,17,155,221,90,1,80,105,65,100,70,70
72,tentacool,72,9,455,67,91,1,40,40,35,50,100,70
73,tentacruel,73,16,550,180,92,1,80,70,65,80,120,100
74,geodude,74,4,200,60,93,1,40,80,100,30,30,20
75,graveler,75,10,1050,137,94,1,55,95,115,45,45,35
76,golem,76,14,3000,223,95,1,80,120,130,55,65,45
77,ponyta,77,10,300,82,96,1,50,85,55,65,65,90
78,rapidash,78,17,950,175,97,1,65,100,70,80,80,105
79,slowpoke,79,12,360,63,98,1,90,65,65,40,40,15
80,slowbro,80,16,785,172,99,1,95,75,110,100,80,30
81,magnemite,81,3,60,65,102,1,25,35,70,95,55,45
82,magneton,82,10,600,163,103,1,50,60,95,120,70,70
83,farfetchd,83,8,150,123,105,1,52,65,55,58,62,60
84,doduo,84,14,392,62,106,1,35,85,45,35,35,75
85,dodrio,85,18,852,161,107,1,60,110,70,60,60,100
86,seel,86,11,900,65,108,1,65,45,55,45,70,45
87,dewgong,87,17,1200,166,109,1,90,70,80,70,95,70
88,grimer,88,9,300,65,110,1,80,80,50,40,50,25
89,muk,89,12,300,175,111,1,105,105,75,65,100,50
90,shellder,90,3,40,61,112,1,30,65,100,45,25,40
91,cloyster,91,15,1325,184,113,1,50,95,180,85,45,70
92,gastly,92,13,1,62,114,1,30,35,30,100,35,80
93,haunter,93,16,1,142,115,1,45,50,45,115,55,95
94,gengar,94,15,405,225,116,1,60,65,60,130,75,110
95,onix,95,88,2100,77,118,1,35,45,160,30,45,70
96,drowzee,96,10,324,66,121,1,60,48,45,43,90,42
97,hypno,97,16,756,169,122,1,85,73,70,73,115,67
98,krabby,98,4,65,65,123,1,30,105,90,25,25,50
99,kingler,99,13,600,166,124,1,55,130,115,50,50,75
100,voltorb,100,5,104,66,125,1,40,30,50,55,55,100
101,electrode,101,12,666,168,126,1,60,50,70,80,80,140
102,exeggcute,102,4,25,65,127,1,60,40,80,60,45,40
103,exeggutor,103,20,1200,182,128,1,95,95,85,125,65,55
104,cubone,104,4,65,64,129,1,50,50,95,40,50,35
105,marowak,105,10,450,149,130,1,60,80,110,50,80,45
106,hitmonlee,106,15,498,159,132,1,50,120,53,35,110,87
107,hitmonchan,107,14,502,159,133,1,50,105,79,35,110,76
108,lickitung,108,12,655,77,135,1,90,55,75,60,75,30
109,koffing,109,6,10,68,137,1,40,65,95,60,45,35
110,weezing,110,12,95,172,138,1,65,90,120,85,70,60
111,rhyhorn,111,10,1150,69,139,1,80,85,95,30,30,25
112,rhydon,112,19,1200,170,140,1,105,130,120,45,45,40
113,chansey,113,11,346,395,143,1,250,5,5,35,105,50
114,tangela,114,10,350,87,145,1,65,55,115,100,40,60
115,kangaskhan,115,22,800,172,147,1,105,95,80,40,80,90
116,horsea,116,4,80,59,149,1,30,40,70,70,25,60
117,seadra,117,12,250,154,150,1,55,65,95,95,45,85
118,goldeen,118,6,150,64,152,1,45,67,60,35,50,63
119,seaking,119,13,390,158,153,1,80,92,65,65,80,68
120,staryu,120,8,345,68,154,1,30,45,55,70,55,85
121,starmie,121,11,800,182,155,1,60,75,85,100,85,115
122,mr-mime,122,13,545,161,157,1,40,45,65,100,120,90
123,scyther,123,15,560,100,158,1,70,110,80,55,80,105
124,jynx,124,14,406,159,162,1,65,50,35,115,95,95
125,electabuzz,125,11,300,172,164,1,65,83,57,95,85,105
126,magmar,126,13,445,173,167,1,65,95,57,100,85,93
127,pinsir,127,15,550,175,169,1,65,125,100,55,70,85
128,tauros,128,14,884,172,171,1,75,100,95,40,70,110
129,magikarp,129,9,100,40,172,1,20,10,55,15,20,80
130,gyarados,130,65,2350,189,173,1,95,125,79,60,100,81
131,lapras,131,25,2200,187,175,1,130,85,80,85,95,60
132,ditto,132,3,40,101,176,1,48,48,48,48,48,48
133,eevee,133,3,65,65,177,1,55,55,50,45,65,55
134,vaporeon,134,10,290,184,178,1,130,65,60,110,95,65
135,jolteon,135,8,245,184,179,1,65,65,60,110,95,130
136,flareon,136,9,250,184,180,1,65,130,60,95,110,65
137,porygon,137,8,365,79,186,1,65,60,70,85,75,40
138,omanyte,138,4,75,71,189,1,35,40,100,90,55,35
139,omastar,139,10,350,173,190,1,70,60,125,115,70,55
140,kabuto,140,5,115,71,191,1,30,80,90,55,45,55
141,kabutops,141,13,405,173,192,1,60,115,105,65,70,80
142,aerodactyl,142,18,590,180,193,1,80,105,65,60,75,130
143,snorlax,143,21,4600,189,196,1,160,110,65,65,110,30
144,articuno,144,17,554,261,197,1,90,85,100,95,125,85
145,zapdos,145,16,526,261,198,1,90,90,85,125,90,100
146,moltres,146,20,600,261,199,1,90,100,90,125,85,90
147,dratini,147,18,33,60,200,1,41,64,45,50,50,50
148,dragonair,148,40,165,147,201,1,61,84,65,70,70,70
149,dragonite,149,22,2100,270,202,1,91,134,95,100,100,80
150,mewtwo,150,20,1220,306,203,1,106,110,90,154,90,130
151,mew,151,4,40,270,206,1,100,100,100,100,100,100
152,chikorita,152,9,64,64,207,1,45,49,65,49,65,45
153,bayleef,153,12,158,142,208,1,60,62,80,63,80,60
154,meganium,154,18,1005,236,209,1,80,82,100,83,100,80
155,cyndaquil,155,5,79,62,210,1,39,52,43,60,50,65
156,quilava,156,9,190,142,211,1,58,64,58,80,65,80
157,typhlosion,157,17,795,240,212,1,78,84,78,109,85,100
158,totodile,158,6,95,63,213,1,50,65,64,44,48,43
159,croconaw,159,11,250,142,214,1,65,80,80,59,63,58
160,feraligatr,160,23,888,239,215,1,85,105,100,79,83,78
161,sentret,161,8,60,43,216,1,35,46,34,35,45,20
162,furret,162,18,325,145,217,1,85,76,64,45,55,90
163,hoothoot,163,7,212,52,218,1,60,30,30,36,56,50
164,noctowl,164,16,408,155,219,1,100,50,50,76,96,70
165,ledyba,165,10,108,53,220,1,40,20,30,40,80,55
166,ledian,166,14,356,137,221,1,55,35,50,55,110,85
167,spinarak,167,5,85,50,222,1,40,60,40,40,40,30
168,ariados,168,11,335,137,223,1,70,90,70,60,60,40
169,crobat,169,18,750,241,58,1,85,90,80,70,80,130
170,chinchou,170,5,120,66,224,1,75,38,38,56,56,67
171,lanturn,171,12,225,161,225,1,125,58,58,76,76,67
172,pichu,172,3,20,41,31,1,20,40,15,35,35,60
173,cleffa,173,3,30,44,48,1,50,25,28,45,55,15
174,igglybuff,174,3,10,42,53,1,90,30,15,40,20,15
175,togepi,175,3,15,49,226,1,35,20,65,40,65,20
176,togetic,176,6,32,142,227,1,55,40,85,80,105,40
177,natu,177,2,20,64,229,1,40,50,45,70,45,70
178,xatu,178,15,150,165,230,1,65,75,70,95,70,95
179,mareep,179,6,78,56,231,1,55,40,40,65,45,35
180,flaaffy,180,8,133,128,232,1,70,55,55,80,60,45
181,ampharos,181,14,615,230,233,1,90,75,85,115,90,55
182,bellossom,182,4,58,221,62,1,75,80,95,90,100,50
183,marill,183,4,85,88,236,1,70,20,50,20,50,40
184,azumarill,184,8,285,189,237,1,100,50,80,60,80,50
185,sudowoodo,185,12,380,144,239,1,70,100,115,30,65,30
186,politoed,186,11,339,225,80,1,90,75,75,90,100,70
187,hoppip,187,4,5,50,240,1,35,35,40,35,55,50
188,skiploom,188,6,10,119,241,1,55,45,50,45,65,80
189,jumpluff,189,8,30,207,242,1,75,55,70,55,95,110
190,aipom,190,8,115,72,243,1,55,70,55,40,55,85
191,sunkern,191,3,18,36,245,1,30,30,30,30,30,30
192,sunflora,192,8,85,149,246,1,75,75,55,105,85,30
193,yanma,193,12,380,78,247,1,65,65,45,75,45,95
194,wooper,194,4,85,42,249,1,55,45,45,25,25,15
195,quagsire,195,14,750,151,250,1,95,85,85,65,65,35
196,espeon,196,9,265,184,181,1,65,65,60,130,95,110
197,umbreon,197,10,270,184,182,1,95,65,110,60,130,65
198,murkrow,198,5,21,81,251,1,60,85,42,85,42,91
199,slowking,199,20,795,172,101,1,95,75,80,100,110,30
200,misdreavus,200,7,10,87,253,1,60,60,60,85,85,85
201,unown,201,5,50,118,255,1,48,72,48,72,48,48
202,wobbuffet,202,13,285,142,257,1,190,33,58,33,58,33
203,girafarig,203,15,415,159,258,1,70,80,65,90,65,85
204,pineco,204,6,72,58,259,1,50,65,90,35,35,15
205,forretress,205,12,1258,163,260,1,75,90,140,60,60,40
206,dunsparce,206,15,140,145,261,1,100,70,70,65,65,45
207,gligar,207,11,648,86,262,1,65,75,105,35,65,85
208,steelix,208,92,4000,179,119,1,75,85,200,55,65,30
209,snubbull,209,6,78,60,264,1,60,80,50,40,40,30
210,granbull,210,14,487,158,265,1,90,120,75,60,60,45
211,qwilfish,211,5,39,86,266,1,65,95,75,55,55,85
212,scizor,212,18,1180,175,159,1,70,130,100,55,80,65
213,shuckle,213,6,205,177,267,1,20,10,230,10,230,5
214,heracross,214,15,540,175,268,1,80,125,75,40,95,85
215,sneasel,215,9,280,86,270,1,55,95,55,35,75,115
216,teddiursa,216,6,88,66,272,1,60,80,50,50,50,40
217,ursaring,217,18,1258,175,273,1,90,130,75,75,75,55
218,slugma,218,7,350,50,274,1,40,40,40,70,40,20
219,magcargo,219,8,550,144,275,1,50,50,120,80,80,30
220,swinub,220,4,65,50,276,1,50,50,40,30,30,50
221,piloswine,221,11,558,158,277,1,100,100,80,60,60,50
222,corsola,222,6,50,133,279,1,55,55,85,65,85,35
223,remoraid,223,6,120,60,280,1,35,65,35,65,35,65
224,octillery,224,9,285,168,281,1,75,105,75,105,75,45
225,delibird,225,9,160,116,282,1,45,55,45,65,45,75
226,mantine,226,21,2200,163,284,1,65,40,70,80,140,70
227,skarmory,227,17,505,163,285,1,65,80,140,40,70,70
228,houndour,228,6,108,66,286,1,45,60,30,80,50,65
229,houndoom,229,14,350,175,287,1,75,90,50,110,80,95
230,kingdra,230,18,1520,243,151,1,75,95,95,95,95,85
231,phanpy,231,5,335,66,289,1,90,60,60,40,40,40
232,donphan,232,11,1200,175,290,1,90,120,120,60,60,50
233,porygon2,233,6,325,180,187,1,85,80,90,105,95,60
234,stantler,234,14,712,163,291,1,73,95,62,85,65,85
235,smeargle,235,12,580,88,292,1,55,20,35,20,45,75
236,tyrogue,236,7,210,42,131,1,35,35,35,35,35,35
237,hitmontop,237,14,480,159,134,1,50,95,95,35,110,70
238,smoochum,238,4,60,61,161,1,45,30,15,85,65,65
239,elekid,239,6,235,72,163,1,45,63,37,65,55,95
240,magby,240,7,214,73,166,1,45,75,37,70,55,83
241,miltank,241,12,755,172,293,1,95,80,105,40,70,100
242,blissey,242,15,468,608,144,1,255,10,10,75,135,55
243,raikou,243,19,1780,261,294,1,90,85,75,115,100,115
244,entei,244,21,1980,261,295,1,115,115,85,90,75,100
245,suicune,245,20,1870,261,296,1,100,75,115,90,115,85
246,larvitar,246,6,720,60,297,1,50,64,50,45,50,41
247,pupitar,247,12,1520,144,298,1,70,84,70,65,70,51
248,tyranitar,248,20,2020,270,299,1,100,134,110,95,100,61
249,lugia,249,52,2160,306,301,1,106,90,130,90,154,110
250,ho-oh,250,38,1990,306,302,1,106,130,90,110,154,90
251,celebi,251,6,50,270,303,1,100,100,100,100,100,100
252,treecko,252,5,50,62,304,1,40,45,35,65,55,70
253,grovyle,253,9,216,142,305,1,50,65,45,85,65,95
254,sceptile,254,17,522,239,306,1,70,85,65,105,85,120
255,torchic,255,4,25,62,308,1,45,60,40,70,50,45
256,combusken,256,9,195,142,309,1,60,85,60,85,60,55
257,blaziken,257,19,520,239,310,1,80,120,70,110,70,80
258,mudkip,258,4,76,62,312,1,50,70,50,50,50,40
259,marshtomp,259,7,280,142,313,1,70,85,70,60,70,50
260,swampert,260,15,819,241,314,1,100,110,90,85,90,60
261,poochyena,261,5,136,44,316,1,35,55,35,30,30,35
262,mightyena,262,10,370,147,317,1,70,90,70,60,60,70
263,zigzagoon,263,4,175,48,318,1,38,30,41,30,41,60
264,linoone,264,5,325,147,319,1,78,70,61,50,61,100
265,wurmple,265,3,36,39,320,1,45,45,35,20,30,20
266,silcoon,266,6,100,72,321,1,50,35,55,25,25,15
267,beautifly,267,10,284,178,322,1,60,70,50,100,50,65
268,cascoon,268,7,115,41,323,1,50,35,55,25,25,15
269,dustox,269,12,316,135,324,1,60,50,70,50,90,65
270,lotad,270,5,26,44,325,1,40,30,30,40,50,30
271,lombre,271,12,325,119,326,1,60,50,50,60,70,50
272,ludicolo,272,15,550,216,327,1,80,70,70,90,100,70
273,seedot,273,5,40,44,328,1,40,40,50,30,30,30
274,nuzleaf,274,10,280,119,329,1,70,70,40,60,40,60
275,shiftry,275,13,596,216,330,1,90,100,60,90,60,80
276,taillow,276,3,23,54,331,1,40,55,30,30,30,85
277,swellow,277,7,198,151,332,1,60,85,60,50,50,125
278,wingull,278,6,95,54,333,1,40,30,30,55,30,85
279,pelipper,279,12,280,151,334,1,60,50,100,85,70,65
280,ralts,280,4,66,40,335,1,28,25,25,45,35,40
281,kirlia,281,8,202,97,336,1,38,35,35,65,55,50
282,gardevoir,282,16,484,233,337,1,68,65,65,125,115,80
283,surskit,283,5,17,54,341,1,40,30,32,50,52,65
284,masquerain,284,8,36,145,342,1,70,60,62,80,82,60
285,shroomish,285,4,45,59,343,1,60,40,60,40,60,35
286,breloom,286,12,392,161,344,1,60,130,80,60,60,70
287,slakoth,287,8,240,56,345,1,60,60,60,35,35,30
288,vigoroth,288,14,465,154,346,1,80,80,80,55,55,90
289,slaking,289,20,1305,252,347,1,150,160,100,95,65,100
290,nincada,290,5,55,53,348,1,31,45,90,30,30,40
291,ninjask,291,8,120,160,349,1,61,90,45,50,50,160
292,shedinja,292,8,12,83,350,1,1,90,45,30,30,40
293,whismur,293,6,163,48,351,1,64,51,23,51,23,28
294,loudred,294,10,405,126,352,1,84,71,43,71,43,48
295,exploud,295,15,840,221,353,1,104,91,63,91,73,68
296,makuhita,296,10,864,47,354,1,72,60,30,20,30,25
297,hariyama,297,23,2538,166,355,1,144,120,60,40,60,50
298,azurill,298,2,20,38,235,1,50,20,40,20,40,20
299,nosepass,299,10,970,75,356,1,30,45,135,45,90,30
300,skitty,300,6,110,52,358,1,50,45,45,35,35,50
301,delcatty,301,11,326,133,359,1,70,65,65,55,55,70
302,sableye,302,5,110,133,360,1,50,75,75,65,65,50
303,mawile,303,6,115,133,362,1,50,85,85,55,55,50
304,aron,304,4,600,66,364,1,50,70,100,40,40,30
305,lairon,305,9,1200,151,365,1,60,90,140,50,50,40
306,aggron,306,21,3600,239,366,1,70,110,180,60,60,50
307,meditite,307,6,112,56,368,1,30,40,55,40,55,60
308,medicham,308,13,315,144,369,1,60,60,75,60,75,80
309,electrike,309,6,152,59,371,1,40,45,40,65,40,65
310,manectric,310,15,402,166,372,1,70,75,60,105,60,105
311,plusle,311,4,42,142,374,1,60,50,40,85,75,95
312,minun,312,4,42,142,375,1,60,40,50,75,85,95
313,volbeat,313,7,177,140,376,1,65,73,55,47,75,85
314,illumise,314,6,177,140,377,1,65,47,55,73,75,85
315,roselia,315,3,20,140,379,1,50,60,45,100,80,65
316,gulpin,316,4,103,60,381,1,70,43,53,43,53,40
317,swalot,317,17,800,163,382,1,100,73,83,73,83,55
318,carvanha,318,8,208,61,383,1,45,90,20,65,20,65
319,sharpedo,319,18,888,161,384,1,70,120,40,95,40,95
320,wailmer,320,20,1300,80,386,1,130,70,35,70,35,60
321,wailord,321,145,3980,175,387,1,170,90,45,90,45,60
322,numel,322,7,240,61,388,1,60,60,40,65,45,35
323,camerupt,323,19,2200,161,389,1,70,100,70,105,75,40
324,torkoal,324,5,804,165,391,1,70,85,140,85,70,20
325,spoink,325,7,306,66,392,1,60,25,35,70,80,60
326,grumpig,326,9,715,165,393,1,80,45,65,90,110,80
327,spinda,327,11,50,126,394,1,60,60,60,60,60,60
328,trapinch,328,7,150,58,395,1,45,100,45,45,45,10
329,vibrava,329,11,153,119,396,1,50,70,50,50,50,70
330,flygon,330,20,820,234,397,1,80,100,80,80,80,100
331,cacnea,331,4,513,67,398,1,50,85,40,85,40,35
332,cacturne,332,13,774,166,399,1,70,115,60,115,60,55
333,swablu,333,4,12,62,400,1,45,40,60,40,75,50
334,altaria,334,11,206,172,401,1,75,70,90,70,105,80
335,zangoose,335,13,403,160,403,1,73,115,60,60,60,90
336,seviper,336,27,525,160,404,1,73,100,60,100,60,65
337,lunatone,337,10,1680,154,405,1,70,55,65,95,85,70
338,solrock,338,12,1540,154,406,1,70,95,85,55,65,70
339,barboach,339,4,19,58,407,1,50,48,43,46,41,60
340,whiscash,340,9,236,164,408,1,110,78,73,76,71,60
341,corphish,341,6,115,62,409,1,43,80,65,50,35,35
342,crawdaunt,342,11,328,164,410,1,63,120,85,90,55,55
343,baltoy,343,5,215,60,411,1,40,40,55,40,70,55
344,claydol,344,15,1080,175,412,1,60,70,105,70,120,75
345,lileep,345,10,238,71,413,1,66,41,77,61,87,23
346,cradily,346,15,604,173,414,1,86,81,97,81,107,43
347,anorith,347,7,125,71,415,1,45,95,50,40,50,75
348,armaldo,348,15,682,173,416,1,75,125,100,70,80,45
349,feebas,349,6,74,40,417,1,20,15,20,10,55,80
350,milotic,350,62,1620,189,418,1,95,60,79,100,125,81
351,castform,351,3,8,147,419,1,70,70,70,70,70,70
352,kecleon,352,10,220,154,423,1,60,90,70,60,120,40
353,shuppet,353,6,23,59,424,1,44,75,35,63,33,45
354,banette,354,11,125,159,425,1,64,115,65,83,63,65
355,duskull,355,8,150,59,427,1,20,40,90,30,90,25
356,dusclops,356,16,306,159,428,1,40,70,130,60,130,25
357,tropius,357,20,1000,161,430,1,99,68,83,72,87,51
358,chimecho,358,6,10,149,432,1,65,50,70,95,80,65
359,absol,359,12,470,163,433,1,65,130,60,75,60,75
360,wynaut,360,6,140,52,256,1,95,23,48,23,48,23
361,snorunt,361,7,168,60,435,1,50,50,50,50,50,50
362,glalie,362,15,2565,168,436,1,80,80,80,80,80,80
363,spheal,363,8,395,58,439,1,70,40,50,55,50,25
364,sealeo,364,11,876,144,440,1,90,60,70,75,70,45
365,walrein,365,14,1506,239,441,1,110,80,90,95,90,65
366,clamperl,366,4,525,69,442,1,35,64,85,74,55,32
367,huntail,367,17,270,170,443,1,55,104,105,94,75,52
368,gorebyss,368,18,226,170,444,1,55,84,105,114,75,52
369,relicanth,369,10,234,170,445,1,100,90,130,45,65,55
370,luvdisc,370,6,87,116,446,1,43,30,55,40,65,97
371,bagon,371,6,421,60,447,1,45,75,60,40,30,50
372,shelgon,372,11,1105,147,448,1,65,95,100,60,50,50
373,salamence,373,15,1026,270,449,1,95,135,80,110,80,100
374,beldum,374,6,952,60,451,1,40,55,80,35,60,30
375,metang,375,12,2025,147,452,1,60,75,100,55,80,50
376,metagross,376,16,5500,270,453,1,80,135,130,95,90,70
377,regirock,377,17,2300,261,455,1,80,100,200,50,100,50
378,regice,378,18,1750,261,456,1,80,50,100,100,200,50
379,registeel,379,19,2050,261,457,1,80,75,150,75,150,50
380,latias,380,14,400,270,458,1,80,80,90,110,130,110
381,latios,381,20,600,270,460,1,80,90,80,130,110,110
382,kyogre,382,45,3520,302,462,1,100,100,90,150,140,90
383,groudon,383,35,9500,302,464,1,100,150,140,100,90,90
384,rayquaza,384,70,2065,306,466,1,105,150,90,150,90,95
385,jirachi,385,3,11,270,468,1,100,100,100,100,100,100
386,deoxys-normal,386,17,608,270,469,1,50,150,50,150,50,150
387,turtwig,387,4,102,64,473,1,55,68,64,45,55,31
388,grotle,388,11,970,142,474,1,75,89,85,55,65,36
389,torterra,389,22,3100,236,475,1,95,109,105,75,85,56
390,chimchar,390,5,62,62,476,1,44,58,44,58,44,61
391,monferno,391,9,220,142,477,1,64,78,52,78,52,81
392,infernape,392,12,550,240,478,1,76,104,71,104,71,108
393,piplup,393,4,52,63,479,1,53,51,53,61,56,40
394,prinplup,394,8,230,142,480,1,64,66,68,81,76,50
395,empoleon,395,17,845,239,481,1,84,86,88,111,101,60
396,starly,396,3,20,49,482,1,40,55,30,30,30,60
397,staravia,397,6,155,119,483,1,55,75,50,40,40,80
398,staraptor,398,12,249,218,484,1,85,120,70,50,60,100
399,bidoof,399,5,200,50,485,1,59,45,40,35,40,31
400,bibarel,400,10,315,144,486,1,79,85,60,55,60,71
401,kricketot,401,3,22,39,487,1,37,25,41,25,41,25
402,kricketune,402,10,255,134,488,1,77,85,51,55,51,65
403,shinx,403,5,95,53,489,1,45,65,34,40,34,45
404,luxio,404,9,305,127,490,1,60,85,49,60,49,60
405,luxray,405,14,420,235,491,1,80,120,79,95,79,70
406,budew,406,2,12,56,378,1,40,30,35,50,70,55
407,roserade,407,9,145,232,380,1,60,70,65,125,105,90
408,cranidos,408,9,315,70,492,1,67,125,40,30,30,58
409,rampardos,409,16,1025,173,493,1,97,165,60,65,50,58
410,shieldon,410,5,570,70,494,1,30,42,118,42,88,30
411,bastiodon,411,13,1495,173,495,1,60,52,168,47,138,30
412,burmy,412,2,34,45,496,1,40,29,45,29,45,36
413,wormadam-plant,413,5,65,148,497,1,60,59,85,79,105,36
414,mothim,414,9,233,148,500,1,70,94,50,94,50,66
415,combee,415,3,55,49,501,1,30,30,42,30,42,70
416,vespiquen,416,12,385,166,502,1,70,80,102,80,102,40
417,pachirisu,417,4,39,142,503,1,60,45,70,45,90,95
418,buizel,418,7,295,66,504,1,55,65,35,60,30,85
419,floatzel,419,11,335,173,505,1,85,105,55,85,50,115
420,cherubi,420,4,33,55,506,1,45,35,45,62,53,35
421,cherrim,421,5,93,158,507,1,70,60,70,87,78,85
422,shellos,422,3,63,65,508,1,76,48,48,57,62,34
423,gastrodon,423,9,299,166,509,1,111,83,68,92,82,39
424,ambipom,424,12,203,169,244,1,75,100,66,60,66,115
425,drifloon,425,4,12,70,510,1,90,50,34,60,44,70
426,drifblim,426,12,150,174,511,1,150,80,44,90,54,80
427,buneary,427,4,55,70,512,1,55,66,44,44,56,85
428,lopunny,428,12,333,168,513,1,65,76,84,54,96,105
429,mismagius,429,9,44,173,254,1,60,60,60,105,105,105
430,honchkrow,430,9,273,177,252,1,100,125,52,105,52,71
431,glameow,431,5,39,62,515,1,49,55,42,42,37,85
432,purugly,432,10,438,158,516,1,71,82,64,64,59,112
433,chingling,433,2,6,57,431,1,45,30,50,65,50,45
434,stunky,434,4,192,66,517,1,63,63,47,41,41,74
435,skuntank,435,10,380,168,518,1,103,93,67,71,61,84
436,bronzor,436,5,605,60,519,1,57,24,86,24,86,23
437,bronzong,437,13,1870,175,520,1,67,89,116,79,116,33
438,bonsly,438,5,150,58,238,1,50,80,95,10,45,10
439,mime-jr,439,6,130,62,156,1,20,25,45,70,90,60
440,happiny,440,6,244,110,142,1,100,5,5,15,65,30
441,chatot,441,5,19,144,521,1,76,65,45,92,42,91
442,spiritomb,442,10,1080,170,522,1,50,92,108,92,108,35
443,gible,443,7,205,60,523,1,58,70,45,40,45,42
444,gabite,444,14,560,144,524,1,68,90,65,50,55,82
445,garchomp,445,19,950,270,525,1,108,130,95,80,85,102
446,munchlax,446,6,1050,78,195,1,135,85,40,40,85,5
447,riolu,447,7,202,57,527,1,40,70,40,35,40,60
448,lucario,448,12,540,184,528,1,70,110,70,115,70,90
449,hippopotas,449,8,495,66,530,1,68,72,78,38,42,32
450,hippowdon,450,20,3000,184,531,1,108,112,118,68,72,47
451,skorupi,451,8,120,66,532,1,40,50,90,30,55,65
452,drapion,452,13,615,175,533,1,70,90,110,60,75,95
453,croagunk,453,7,230,60,534,1,48,61,40,61,40,50
454,toxicroak,454,13,444,172,535,1,83,106,65,86,65,85
455,carnivine,455,14,270,159,536,1,74,100,72,90,72,46
456,finneon,456,4,70,66,537,1,49,49,56,49,61,66
457,lumineon,457,12,240,161,538,1,69,69,76,69,86,91
458,mantyke,458,10,650,69,283,1,45,20,50,60,120,50
459,snover,459,10,505,67,539,1,60,62,50,62,60,40
460,abomasnow,460,22,1355,173,540,1,90,92,75,92,85,60
461,weavile,461,11,340,179,271,1,70,120,65,45,85,125
462,magnezone,462,12,1800,241,104,1,70,70,115,130,90,60
463,lickilicky,463,17,1400,180,136,1,110,85,95,80,95,50
464,rhyperior,464,24,2828,241,141,1,115,140,130,55,55,40
465,tangrowth,465,20,1286,187,146,1,100,100,125,110,50,50
466,electivire,466,18,1386,243,165,1,75,123,67,95,85,95
467,magmortar,467,16,680,243,168,1,75,95,67,125,95,83
468,togekiss,468,15,380,245,228,1,85,50,95,120,115,80
469,yanmega,469,19,515,180,248,1,86,76,86,116,56,95
470,leafeon,470,10,255,184,183,1,65,110,130,60,65,95
471,glaceon,471,8,259,184,184,1,65,60,110,130,95,65
472,gliscor,472,20,425,179,263,1,75,95,125,45,75,95
473,mamoswine,473,25,2910,239,278,1,110,130,80,70,60,80
474,porygon-z,474,9,340,241,188,1,85,80,70,135,75,90
475,gallade,475,16,520,233,339,1,68,125,65,65,115,80
476,probopass,476,14,3400,184,357,1,60,55,145,75,150,40
477,dusknoir,477,22,1066,236,429,1,45,100,135,65,135,45
478,froslass,478,13,266,168,438,1,70,80,70,80,70,110
479,rotom,479,3,3,154,542,1,50,50,77,95,77,91
480,uxie,480,3,3,261,548,1,75,75,130,75,130,95
481,mesprit,481,3,3,261,549,1,80,105,105,105,105,80
482,azelf,482,3,3,261,550,1,75,125,70,125,70,115
483,dialga,483,54,6830,306,551,1,100,120,120,150,100,90
484,palkia,484,42,3360,306,552,1,90,120,100,150,120,100
485,heatran,485,17,4300,270,553,1,91,90,106,130,106,77
486,regigigas,486,37,4200,302,554,1,110,160,110,80,110,100
487,giratina-altered,487,45,7500,306,555,1,150,100,120,100,120,90
488,cresselia,488,15,856,270,557,1,120,70,120,75,130,85
489,phione,489,4,31,216,558,1,80,80,80,80,80,80
490,manaphy,490,3,14,270,559,1,100,100,100,100,100,100
491,darkrai,491,15,505,270,560,1,70,90,90,135,90,125
492,shaymin-land,492,2,21,270,561,1,100,100,100,100,100,100
493,arceus,493,32,3200,324,563,1,120,120,120,120,120,120
494,victini,494,4,40,270,564,1,100,100,100,100,100,100
495,snivy,495,6,81,62,565,1,45,45,55,45,55,63
496,servine,496,8,160,145,566,1,60,60,75,60,75,83
497,serperior,497,33,630,238,567,1,75,75,95,75,95,113
498,tepig,498,5,99,62,568,1,65,63,45,45,45,45
499,pignite,499,10,555,146,569,1,90,93,55,70,55,55
500,emboar,500,16,1500,238,570,1,110,123,65,100,65,65
501,oshawott,501,5,59,62,571,1,55,55,45,63,45,45
502,dewott,502,8,245,145,572,1,75,75,60,83,60,60
503,samurott,503,15,946,238,573,1,95,100,85,108,70,70
504,patrat,504,5,116,51,574,1,45,55,39,35,39,42
505,watchog,505,11,270,147,575,1,60,85,69,60,69,77
506,lillipup,506,4,41,55,576,1,45,60,45,25,45,55
507,herdier,507,9,147,130,577,1,65,80,65,35,65,60
508,stoutland,508,12,610,225,578,1,85,110,90,45,90,80
509,purrloin,509,4,101,56,579,1,41,50,37,50,37,66
510,liepard,510,11,375,156,580,1,64,88,50,88,50,106
511,pansage,511,6,105,63,581,1,50,53,48,53,48,64
512,simisage,512,11,305,174,582,1,75,98,63,98,63,101
513,pansear,513,6,110,63,583,1,50,53,48,53,48,64
514,simisear,514,10,280,174,584,1,75,98,63,98,63,101
515,panpour,515,6,135,63,585,1,50,53,48,53,48,64
516,simipour,516,10,290,174,586,1,75,98,63,98,63,101
517,munna,517,6,233,58,587,1,76,25,45,67,55,24
518,musharna,518,11,605,170,588,1,116,55,85,107,95,29
519,pidove,519,3,21,53,589,1,50,55,50,36,30,43
520,tranquill,520,6,150,125,590,1,62,77,62,50,42,65
521,unfezant,521,12,290,220,591,1,80,115,80,65,55,93
522,blitzle,522,8,298,59,592,1,45,60,32,50,32,76
523,zebstrika,523,16,795,174,593,1,75,100,63,80,63,116
524,roggenrola,524,4,180,56,594,1,55,75,85,25,25,15
525,boldore,525,9,1020,137,595,1,70,105,105,50,40,20
526,gigalith,526,17,2600,232,596,1,85,135,130,60,80,25
527,woobat,527,4,21,63,597,1,55,45,43,55,43,72
528,swoobat,528,9,105,149,598,1,67,57,55,77,55,114
529,drilbur,529,3,85,66,599,1,60,85,40,30,45,68
530,excadrill,530,7,404,178,600,1,110,135,60,50,65,88
531,audino,531,11,310,390,601,1,103,60,86,60,86,50
532,timburr,532,6,125,61,603,1,75,80,55,25,35,35
533,gurdurr,533,12,400,142,604,1,85,105,85,40,50,40
534,conkeldurr,534,14,870,227,605,1,105,140,95,55,65,45
535,tympole,535,5,45,59,606,1,50,50,40,50,40,64
536,palpitoad,536,8,170,134,607,1,75,65,55,65,55,69
537,seismitoad,537,15,620,229,608,1,105,95,75,85,75,74
538,throh,538,13,555,163,609,1,120,100,85,30,85,45
539,sawk,539,14,510,163,610,1,75,125,75,30,75,85
540,sewaddle,540,3,25,62,611,1,45,53,70,40,60,42
541,swadloon,541,5,73,133,612,1,55,63,90,50,80,42
542,leavanny,542,12,205,225,613,1,75,103,80,70,80,92
543,venipede,543,4,53,52,614,1,30,45,59,30,39,57
544,whirlipede,544,12,585,126,615,1,40,55,99,40,79,47
545,scolipede,545,25,2005,218,616,1,60,100,89,55,69,112
546,cottonee,546,3,6,56,617,1,40,27,60,37,50,66
547,whimsicott,547,7,66,168,618,1,60,67,85,77,75,116
548,petilil,548,5,66,56,619,1,45,35,50,70,50,30
549,lilligant,549,11,163,168,620,1,70,60,75,110,75,90
550,basculin-red-striped,550,10,180,161,621,1,70,92,65,80,55,98
551,sandile,551,7,152,58,623,1,50,72,35,35,35,65
552,krokorok,552,10,334,123,624,1,60,82,45,45,45,74
553,krookodile,553,15,963,234,625,1,95,117,80,65,70,92
554,darumaka,554,6,375,63,626,1,70,90,45,15,45,50
555,darmanitan-standard,555,13,929,168,627,1,105,140,55,30,55,95
556,maractus,556,10,280,161,629,1,75,86,67,106,67,60
557,dwebble,557,3,145,65,630,1,50,65,85,35,35,55
558,crustle,558,14,2000,166,631,1,70,95,125,65,75,45
559,scraggy,559,6,118,70,632,1,50,75,70,35,70,48
560,scrafty,560,11,300,171,633,1,65,90,115,45,115,58
561,sigilyph,561,14,140,172,634,1,72,58,80,103,80,97
562,yamask,562,5,15,61,635,1,38,30,85,55,65,30
563,cofagrigus,563,17,765,169,636,1,58,50,145,95,105,30
564,tirtouga,564,7,165,71,637,1,54,78,103,53,45,22
565,carracosta,565,12,810,173,638,1,74,108,133,83,65,32
566,archen,566,5,95,71,639,1,55,112,45,74,45,70
567,archeops,567,14,320,177,640,1,75,140,65,112,65,110
568,trubbish,568,6,310,66,641,1,50,50,62,40,62,65
569,garbodor,569,19,1073,166,642,1,80,95,82,60,82,75
570,zorua,570,7,125,66,643,1,40,65,40,80,40,65
571,zoroark,571,16,811,179,644,1,60,105,60,120,60,105
572,minccino,572,4,58,60,645,1,55,50,40,40,40,75
573,cinccino,573,5,75,165,646,1,75,95,60,65,60,115
574,gothita,574,4,58,58,647,1,45,30,50,55,65,45
575,gothorita,575,7,180,137,648,1,60,45,70,75,85,55
576,gothitelle,576,15,440,221,649,1,70,55,95,95,110,65
577,solosis,577,3,10,58,650,1,45,30,40,105,50,20
578,duosion,578,6,80,130,651,1,65,40,50,125,60,30
579,reuniclus,579,10,201,221,652,1,110,65,75,125,85,30
580,ducklett,580,5,55,61,653,1,62,44,50,44,50,55
581,swanna,581,13,242,166,654,1,75,87,63,87,63,98
582,vanillite,582,4,57,61,655,1,36,50,50,65,60,44
583,vanillish,583,11,410,138,656,1,51,65,65,80,75,59
584,vanilluxe,584,13,575,241,657,1,71,95,85,110,95,79
585,deerling,585,6,195,67,658,1,60,60,50,40,50,75
586,sawsbuck,586,19,925,166,659,1,80,100,70,60,70,95
587,emolga,587,4,50,150,660,1,55,75,60,75,60,103
588,karrablast,588,5,59,63,661,1,50,75,45,40,45,60
589,escavalier,589,10,330,173,662,1,70,135,105,60,105,20
590,foongus,590,2,10,59,663,1,69,55,45,55,55,15
591,amoonguss,591,6,105,162,664,1,114,85,70,85,80,30
592,frillish,592,12,330,67,665,1,55,40,50,65,85,40
593,jellicent,593,22,1350,168,666,1,100,60,70,85,105,60
594,alomomola,594,12,316,165,667,1,165,75,80,40,45,65
595,joltik,595,1,6,64,668,1,50,47,50,57,50,65
596,galvantula,596,8,143,165,669,1,70,77,60,97,60,108
597,ferroseed,597,6,188,61,670,1,44,50,91,24,86,10
598,ferrothorn,598,10,1100,171,671,1,74,94,131,54,116,20
599,klink,599,3,210,60,672,1,40,55,70,45,60,30
600,klang,600,6,510,154,673,1,60,80,95,70,85,50
601,klinklang,601,6,810,234,674,1,60,100,115,70,85,90
602,tynamo,602,2,3,55,675,1,35,55,40,45,40,60
603,eelektrik,603,12,220,142,676,1,65,85,70,75,70,40
604,eelektross,604,21,805,232,677,1,85,115,80,105,80,50
605,elgyem,605,5,90,67,678,1,55,55,55,85,55,30
606,beheeyem,606,10,345,170,679,1,75,75,75,125,95,40
607,litwick,607,3,31,55,680,1,50,30,55,65,55,20
608,lampent,608,6,130,130,681,1,60,40,60,95,60,55
609,chandelure,609,10,343,234,682,1,60,55,90,145,90,80
610,axew,610,6,180,64,683,1,46,87,60,30,40,57
611,fraxure,611,10,360,144,684,1,66,117,70,40,50,67
612,haxorus,612,18,1055,243,685,1,76,147,90,60,70,97
613,cubchoo,613,5,85,61,686,1,55,70,40,60,40,40
614,beartic,614,26,2600,170,687,1,95,110,80,70,80,50
615,cryogonal,615,11,1480,170,688,1,70,50,30,95,135,105
616,shelmet,616,4,77,61,689,1,50,40,85,40,65,25
617,accelgor,617,8,253,173,690,1,80,70,40,100,60,145
618,stunfisk,618,7,110,165,691,1,109,66,84,81,99,32
619,mienfoo,619,9,200,70,692,1,45,85,50,55,50,65
620,mienshao,620,14,355,179,693,1,65,125,60,95,60,105
621,druddigon,621,16,1390,170,694,1,77,120,90,60,90,48
622,golett,622,10,920,61,695,1,59,74,50,35,50,35
623,golurk,623,28,3300,169,696,1,89,124,80,55,80,55
624,pawniard,624,5,102,68,697,1,45,85,70,40,40,60
625,bisharp,625,16,700,172,698,1,65,125,100,60,70,70
626,bouffalant,626,16,946,172,699,1,95,110,95,40,95,55
627,rufflet,627,5,105,70,700,1,70,83,50,37,50,60
628,braviary,628,15,410,179,701,1,100,123,75,57,75,80
629,vullaby,629,5,90,74,702,1,70,55,75,45,65,60
630,mandibuzz,630,12,395,179,703,1,110,65,105,55,95,80
631,heatmor,631,14,580,169,704,1,85,97,66,105,66,65
632,durant,632,3,330,169,705,1,58,109,112,48,48,109
633,deino,633,8,173,60,706,1,52,65,50,45,50,38
634,zweilous,634,14,500,147,707,1,72,85,70,65,70,58
635,hydreigon,635,18,1600,270,708,1,92,105,90,125,90,98
636,larvesta,636,11,288,72,709,1,55,85,55,50,55,60
637,volcarona,637,16,460,248,710,1,85,60,65,135,105,100
638,cobalion,638,21,2500,261,711,1,91,90,129,90,72,108
639,terrakion,639,19,2600,261,712,1,91,129,90,72,90,108
640,virizion,640,20,2000,261,713,1,91,90,72,90,129,108
641,tornadus-incarnate,641,15,630,261,714,1,79,115,70,125,80,111
642,thundurus-incarnate,642,15,610,261,716,1,79,115,70,125,80,111
643,reshiram,643,32,3300,306,718,1,100,120,100,150,120,90
644,zekrom,644,29,3450,306,719,1,100,150,120,120,100,90
645,landorus-incarnate,645,15,680,270,720,1,89,125,90,115,80,101
646,kyurem,646,30,3250,297,722,1,125,130,90,130,90,95
647,keldeo-ordinary,647,14,485,261,725,1,91,72,90,129,90,108
648,meloetta-aria,648,6,65,270,727,1,100,77,77,128,128,90
649,genesect,649,15,825,270,729,1,71,120,95,120,95,99
650,chespin,650,4,90,63,730,1,56,61,65,48,45,38
651,quilladin,651,7,290,142,731,1,61,78,95,56,58,57
652,chesnaught,652,16,900,239,732,1,88,107,122,74,75,64
653,fennekin,653,4,94,61,733,1,40,45,40,62,60,60
654,braixen,654,10,145,143,734,1,59,59,58,90,70,73
655,delphox,655,15,390,240,735,1,75,69,72,114,100,104
656,froakie,656,3,70,63,736,1,41,56,40,62,44,71
657,frogadier,657,6,109,142,737,1,54,63,52,83,56,97
658,greninja,658,15,400,239,738,1,72,95,67,103,71,122
659,bunnelby,659,4,50,47,739,1,38,36,38,32,36,57
660,diggersby,660,10,424,148,740,1,85,56,77,50,77,78
661,fletchling,661,3,17,56,741,1,45,50,43,40,38,62
662,fletchinder,662,7,160,134,742,1,62,73,55,56,52,84
663,talonflame,663,12,245,175,743,1,78,81,71,74,69,126
664,scatterbug,664,3,25,40,744,1,38,35,40,27,25,35
665,spewpa,665,3,84,75,745,1,45,22,60,27,30,29
666,vivillon,666,12,170,185,746,1,80,52,50,90,50,89
667,litleo,667,6,135,74,747,1,62,50,58,73,54,72
668,pyroar,668,15,815,177,748,1,86,68,72,109,66,106
669,flabebe,669,1,1,61,749,1,44,38,39,61,79,42
670,floette,670,2,9,130,750,1,54,45,47,75,98,52
671,florges,671,11,100,248,752,1,78,65,68,112,154,75
672,skiddo,672,9,310,70,753,1,66,65,48,62,57,52
673,gogoat,673,17,910,186,754,1,123,100,62,97,81,68
674,pancham,674,6,80,70,755,1,67,82,62,46,48,43
675,pangoro,675,21,1360,173,756,1,95,124,78,69,71,58
676,furfrou,676,12,280,165,757,1,75,80,60,65,90,102
677,espurr,677,3,35,71,758,1,62,48,54,63,60,68
678,meowstic-male,678,6,85,163,759,1,74,48,76,83,81,104
679,honedge,679,8,20,65,761,1,45,80,100,35,37,28
680,doublade,680,8,45,157,762,1,59,110,150,45,49,35
681,aegislash-shield,681,17,530,234,763,1,60,50,150,50,150,60
682,spritzee,682,2,5,68,765,1,78,52,60,63,65,23
683,aromatisse,683,8,155,162,766,1,101,72,72,99,89,29
684,swirlix,684,4,35,68,767,1,62,48,66,59,57,49
685,slurpuff,685,8,50,168,768,1,82,80,86,85,75,72
686,inkay,686,4,35,58,769,1,53,54,53,37,46,45
687,malamar,687,15,470,169,770,1,86,92,88,68,75,73
688,binacle,688,5,310,61,771,1,42,52,67,39,56,50
689,barbaracle,689,13,960,175,772,1,72,105,115,54,86,68
690,skrelp,690,5,73,64,773,1,50,60,60,60,60,30
691,dragalge,691,18,815,173,774,1,65,75,90,97,123,44
692,clauncher,692,5,83,66,775,1,50,53,62,58,63,44
693,clawitzer,693,13,353,100,776,1,71,73,88,120,89,59
694,helioptile,694,5,60,58,777,1,44,38,33,61,43,70
695,heliolisk,695,10,210,168,778,1,62,55,52,109,94,109
696,tyrunt,696,8,260,72,779,1,58,89,77,45,45,48
697,tyrantrum,697,25,2700,182,780,1,82,121,119,69,59,71
698,amaura,698,13,252,72,781,1,77,59,50,67,63,46
699,aurorus,699,27,2250,104,782,1,123,77,72,99,92,58
700,sylveon,700,10,235,184,185,1,95,65,65,110,130,60
701,hawlucha,701,8,215,175,783,1,78,92,75,74,63,118
702,dedenne,702,2,22,151,784,1,67,58,57,81,67,101
703,carbink,703,3,57,100,785,1,50,50,150,50,150,50
704,goomy,704,3,28,60,786,1,45,50,35,55,75,40
705,sliggoo,705,8,175,158,787,1,68,75,53,83,113,60
706,goodra,706,20,1505,270,788,1,90,100,70,110,150,80
707,klefki,707,2,30,165,789,1,57,80,91,80,87,75
708,phantump,708,4,70,62,790,1,43,70,48,50,60,38
709,trevenant,709,15,710,166,791,1,85,110,76,65,82,56
710,pumpkaboo-average,710,4,50,67,793,1,49,66,70,44,55,51
711,gourgeist-average,711,9,125,173,797,1,65,90,122,58,75,84
712,bergmite,712,10,995,61,800,1,55,69,85,32,35,28
713,avalugg,713,20,5050,180,801,1,95,117,184,44,46,28
714,noibat,714,5,80,49,802,1,40,30,35,45,40,55
715,noivern,715,15,850,187,803,1,85,70,80,97,80,123
716,xerneas,716,30,2150,306,804,1,126,131,95,131,98,99
717,yveltal,717,58,2030,306,805,1,126,131,95,131,98,99
718,zygarde,718,50,3050,270,806,1,108,100,121,81,95,95
719,diancie,719,7,88,270,807,1,50,100,150,100,150,50
720,hoopa,720,5,90,270,809,1,80,110,60,150,130,70
721,volcanion,721,17,1950,270,811,1,80,110,120,130,90,70
10001,deoxys-attack,386,17,608,270,470,0,50,180,20,180,20,150
10002,deoxys-defense,386,17,608,270,471,0,50,70,160,70,160,90
10003,deoxys-speed,386,17,608,270,472,0,50,95,90,95,90,180
10004,wormadam-sandy,413,5,65,148,498,0,60,79,105,59,85,36
10005,wormadam-trash,413,5,65,148,499,0,60,69,95,69,95,36
10006,shaymin-sky,492,4,52,270,562,0,100,103,75,120,75,127
10007,giratina-origin,487,69,6500,306,556,0,150,120,100,120,100,90
10008,rotom-heat,479,3,3,182,543,0,50,65,107,105,107,86
10009,rotom-wash,479,3,3,182,544,0,50,65,107,105,107,86
10010,rotom-frost,479,3,3,182,545,0,50,65,107,105,107,86
10011,rotom-fan,479,3,3,182,546,0,50,65,107,105,107,86
10012,rotom-mow,479,3,3,182,547,0,50,65,107,105,107,86
10013,castform-sunny,351,3,8,147,420,0,70,70,70,70,70,70
10014,castform-rainy,351,3,8,147,421,0,70,70,70,70,70,70
10015,castform-snowy,351,3,8,147,422,0,70,70,70,70,70,70
10016,basculin-blue-striped,550,10,180,161,622,0,70,92,65,80,55,98
10017,darmanitan-zen,555,13,929,189,628,0,105,30,105,140,105,55
10018,meloetta-pirouette,648,6,65,270,728,0,100,128,90,77,77,128
10019,tornadus-therian,641,14,630,261,715,0,79,100,80,110,90,121
10020,thundurus-therian,642,30,610,261,717,0,79,105,70,145,80,101
10021,landorus-therian,645,13,680,270,721,0,89,145,90,105,80,91
10022,kyurem-black,646,33,3250,315,723,0,125,170,100,120,90,95
10023,kyurem-white,646,36,3250,315,724,0,125,120,90,170,100,95
10024,keldeo-resolute,647,14,485,261,726,0,91,72,90,129,90,108
10025,meowstic-female,678,6,85,163,760,0,74,48,76,83,81,104
10026,aegislash-blade,681,17,530,234,764,0,60,150,50,150,50,60
10027,pumpkaboo-small,710,3,35,67,792,0,44,66,70,44,55,56
10028,pumpkaboo-large,710,5,75,67,794,0,54,66,70,44,55,46
10029,pumpkaboo-super,710,8,150,67,795,0,59,66,70,44,55,41
10030,gourgeist-small,711,7,95,173,796,0,55,85,122,58,75,99
10031,gourgeist-large,711,11,140,173,798,0,75,95,122,58,75,69
10032,gourgeist-super,711,17,390,173,799,0,85,100,122,58,75,54
10033,venusaur-mega,3,24,1555,281,4,0,80,100,123,122,120,80
10034,charizard-mega-x,6,17,1105,285,8,0,78,130,111,130,85,100
10035,charizard-mega-y,6,17,1005,285,9,0,78,104,78,159,115,100
10036,blastoise-mega,9,16,1011,284,13,0,79,103,120,135,115,78
10037,alakazam-mega,65,12,480,266,84,0,55,50,65,175,95,150
10038,gengar-mega,94,14,405,270,117,0,60,65,80,170,95,130
10039,kangaskhan-mega,115,22,1000,207,148,0,105,125,100,60,100,100
10040,pinsir-mega,127,17,590,210,170,0,65,155,120,65,90,105
10041,gyarados-mega,130,65,3050,224,174,0,95,155,109,70,130,81
10042,aerodactyl-mega,142,21,790,215,194,0,80,135,85,70,95,150
10043,mewtwo-mega-x,150,23,1270,351,204,0,106,190,100,154,100,130
10044,mewtwo-mega-y,150,15,330,351,205,0,106,150,70,194,120,140
10045,ampharos-mega,181,14,615,275,234,0,90,95,105,165,110,45
10046,scizor-mega,212,20,1250,210,160,0,70,150,140,65,100,75
10047,heracross-mega,214,17,625,210,269,0,80,185,115,40,105,75
10048,houndoom-mega,229,19,495,210,288,0,75,90,90,140,90,115
10049,tyranitar-mega,248,25,2550,315,300,0,100,164,150,95,120,71
10050,blaziken-mega,257,19,520,284,311,0,80,160,80,130,80,100
10051,gardevoir-mega,282,16,484,278,338,0,68,85,65,165,135,100
10052,mawile-mega,303,10,235,168,363,0,50,105,125,55,95,50
10053,aggron-mega,306,22,3950,284,367,0,70,140,230,60,80,50
10054,medicham-mega,308,13,315,179,370,0,60,100,85,80,85,100
10055,manectric-mega,310,18,440,201,373,0,70,75,80,135,80,135
10056,banette-mega,354,12,130,194,426,0,64,165,75,93,83,75
10057,absol-mega,359,12,490,198,434,0,65,150,60,115,60,115
10058,garchomp-mega,445,19,950,315,526,0,108,170,115,120,95,92
10059,lucario-mega,448,13,575,219,529,0,70,145,88,140,70,112
10060,abomasnow-mega,460,27,1850,208,541,0,90,132,105,132,105,30
10061,floette-eternal,670,2,9,243,751,0,74,65,67,125,128,92
10062,latias-mega,380,18,520,315,459,0,80,100,120,140,150,110
10063,latios-mega,381,23,700,315,461,0,80,130,100,160,120,110
10064,swampert-mega,260,19,1020,286,315,0,100,150,110,95,110,70
10065,sceptile-mega,254,19,552,284,307,0,70,110,75,145,85,145
10066,sableye-mega,302,5,1610,168,361,0,50,85,125,85,115,20
10067,altaria-mega,334,15,206,207,402,0,75,110,110,110,105,80
10068,gallade-mega,475,16,564,278,340,0,68,165,95,65,115,110
10069,audino-mega,531,15,320,425,602,0,103,60,126,80,126,50
10070,sharpedo-mega,319,25,1303,196,385,0,70,140,70,110,65,105
10071,slowbro-mega,80,20,1200,207,100,0,95,75,180,130,80,30
10072,steelix-mega,208,105,7400,214,120,0,75,125,230,55,95,30
10073,pidgeot-mega,18,22,505,261,24,0,83,80,80,135,80,121
10074,glalie-mega,362,21,3502,203,437,0,80,120,80,120,80,100
10075,diancie-mega,719,11,278,315,808,0,50,160,110,160,110,110
10076,metagross-mega,376,25,9429,315,454,0,80,145,150,105,110,110
10077,kyogre-primal,382,98,4300,347,463,0,100,150,90,180,160,90
10078,groudon-primal,383,50,9997,347,465,0,100,180,160,150,90,90
10079,rayquaza-mega,384,108,3920,351,467,0,105,180,100,180,100,115
10080,pikachu-rock-star,25,4,60,112,34,0,35,55,40,50,50,90
10081,pikachu-belle,25,4,60,112,35,0,35,55,40,50,50,90
10082,pikachu-pop-star,25,4,60,112,36,0,35,55,40,50,50,90
10083,pikachu-phd,25,4,60,112,37,0,35,55,40,50,50,90
10084,pikachu-libre,25,4,60,112,38,0,35,55,40,50,50,90
10085,pikachu-cosplay,25,4,60,112,33,0,35,55,40,50,50,90
10086,hoopa-unbound,720,65,4900,306,810,0,80,160,60,170,130,80
10087,camerupt-mega,323,25,3205,196,390,0,70,120,100,145,105,20
10088,lopunny-mega,428,13,283,203,514,0,65,136,94,54,96,135
10089,salamence-mega,373,18,1126,315,450,0,95,145,130,120,90,120
10090,beedrill-mega,15,14,405,223,20,0,65,150,40,15,80,145